crop_path,final_pred
data\input_images\image_1\crop_0001_conf_0.98.jpg,__Unknown__
data\input_images\image_1\crop_0002_conf_0.98.jpg,__Unknown__
data\input_images\image_1\crop_0003_conf_0.98.jpg,__Unknown__
data\input_images\image_1\crop_0004_conf_0.97.jpg,Mabel__Mabel Rosquinha Mabel Sabor Banana e Canela
data\input_images\image_1\crop_0005_conf_0.97.jpg,__Unknown__
data\input_images\image_1\crop_0006_conf_0.97.jpg,__Unknown__
data\input_images\image_1\crop_0007_conf_0.97.jpg,__Unknown__
data\input_images\image_1\crop_0008_conf_0.97.jpg,Mabel__Mabel Rosquinha Mabel Sabor Coco
data\input_images\image_1\crop_0009_conf_0.97.jpg,__Unknown__
data\input_images\image_1\crop_0010_conf_0.97.jpg,Mabel__Mabel Rosquinha Mabel Sabor Coco
data\input_images\image_1\crop_0011_conf_0.97.jpg,Mabel__Mabel Rosquinha Mabel Sabor Coco
data\input_images\image_1\crop_0012_conf_0.97.jpg,__Unknown__
data\input_images\image_1\crop_0013_conf_0.97.jpg,Mabel__Mabel Rosquinha Mabel Sabor Coco
data\input_images\image_1\crop_0014_conf_0.97.jpg,__Unknown__
data\input_images\image_1\crop_0015_conf_0.97.jpg,__Unknown__
data\input_images\image_1\crop_0016_conf_0.97.jpg,__Unknown__
data\input_images\image_1\crop_0017_conf_0.97.jpg,Mabel__Mabel Rosquinha Mabel Sabor Coco
data\input_images\image_1\crop_0018_conf_0.97.jpg,Mabel__Mabel Rosquinha Mabel Sabor Coco
data\input_images\image_1\crop_0019_conf_0.97.jpg,__Unknown__
data\input_images\image_1\crop_0020_conf_0.97.jpg,__Unknown__
data\input_images\image_1\crop_0021_conf_0.97.jpg,Mabel__Mabel Rosquinha Mabel Sabor Coco
data\input_images\image_1\crop_0022_conf_0.97.jpg,__Unknown__
data\input_images\image_1\crop_0023_conf_0.97.jpg,__Unknown__
data\input_images\image_1\crop_0024_conf_0.97.jpg,__Unknown__
data\input_images\image_1\crop_0025_conf_0.97.jpg,__Unknown__
data\input_images\image_1\crop_0026_conf_0.97.jpg,__Unknown__
data\input_images\image_1\crop_0027_conf_0.97.jpg,Mabel__Mabel Rosquinha Mabel Sabor Leite
data\input_images\image_1\crop_0028_conf_0.97.jpg,Mabel__Mabel Rosquinha Mabel Sabor Banana e Canela
data\input_images\image_1\crop_0029_conf_0.97.jpg,__Unknown__
data\input_images\image_1\crop_0030_conf_0.97.jpg,__Unknown__
data\input_images\image_1\crop_0031_conf_0.97.jpg,__Unknown__
data\input_images\image_1\crop_0032_conf_0.97.jpg,__Unknown__
data\input_images\image_1\crop_0033_conf_0.97.jpg,__Unknown__
data\input_images\image_1\crop_0034_conf_0.97.jpg,__Unknown__
data\input_images\image_1\crop_0035_conf_0.97.jpg,Mabel__Mabel Rosquinha Mabel Sabor Banana e Canela
data\input_images\image_1\crop_0036_conf_0.97.jpg,__Unknown__
data\input_images\image_1\crop_0037_conf_0.97.jpg,Mabel__Mabel Amanteigado Mabel Sabor Leite
data\input_images\image_1\crop_0038_conf_0.97.jpg,__Unknown__
data\input_images\image_1\crop_0039_conf_0.97.jpg,Mabel__Mabel Rosquinha Mabel Sabor Banana e Canela
data\input_images\image_1\crop_0040_conf_0.97.jpg,__Unknown__
data\input_images\image_1\crop_0041_conf_0.97.jpg,__Unknown__
data\input_images\image_1\crop_0042_conf_0.97.jpg,Mabel__Mabel Rosquinha Mabel Sabor Coco
data\input_images\image_1\crop_0043_conf_0.97.jpg,__Unknown__
data\input_images\image_1\crop_0044_conf_0.97.jpg,__Unknown__
data\input_images\image_1\crop_0045_conf_0.97.jpg,__Unknown__
data\input_images\image_1\crop_0046_conf_0.97.jpg,__Unknown__
data\input_images\image_1\crop_0047_conf_0.97.jpg,__Unknown__
data\input_images\image_1\crop_0048_conf_0.97.jpg,__Unknown__
data\input_images\image_1\crop_0049_conf_0.96.jpg,__Unknown__
data\input_images\image_1\crop_0050_conf_0.96.jpg,__Unknown__
data\input_images\image_1\crop_0051_conf_0.96.jpg,__Unknown__
data\input_images\image_1\crop_0052_conf_0.96.jpg,__Unknown__
data\input_images\image_1\crop_0053_conf_0.96.jpg,Mabel__Mabel Rosquinha Mabel Sabor Coco
data\input_images\image_1\crop_0054_conf_0.96.jpg,Adoralle__Adoralle Alimentos Rosquinhas Coco
data\input_images\image_1\crop_0055_conf_0.96.jpg,__Unknown__
data\input_images\image_1\crop_0056_conf_0.96.jpg,__Unknown__
data\input_images\image_1\crop_0057_conf_0.96.jpg,__Unknown__
data\input_images\image_1\crop_0058_conf_0.96.jpg,__Unknown__
data\input_images\image_1\crop_0059_conf_0.96.jpg,__Unknown__
data\input_images\image_1\crop_0060_conf_0.96.jpg,Mabel__Mabel Rosquinha Mabel Sabor Coco
data\input_images\image_1\crop_0061_conf_0.96.jpg,__Unknown__
data\input_images\image_1\crop_0062_conf_0.96.jpg,__Unknown__
data\input_images\image_1\crop_0063_conf_0.96.jpg,__Unknown__
data\input_images\image_1\crop_0064_conf_0.96.jpg,__Unknown__
data\input_images\image_1\crop_0065_conf_0.96.jpg,__Unknown__
data\input_images\image_1\crop_0066_conf_0.96.jpg,__Unknown__
data\input_images\image_1\crop_0067_conf_0.96.jpg,__Unknown__
data\input_images\image_1\crop_0068_conf_0.96.jpg,Mabel__Mabel Rosquinha Mabel Sabor Coco
data\input_images\image_1\crop_0069_conf_0.96.jpg,__Unknown__
data\input_images\image_1\crop_0070_conf_0.96.jpg,Mabel__Mabel Amanteigado Mabel Sabor Leite
data\input_images\image_1\crop_0071_conf_0.96.jpg,Mabel__Mabel Amanteigado Mabel Sabor Leite
data\input_images\image_1\crop_0072_conf_0.96.jpg,__Unknown__
data\input_images\image_1\crop_0073_conf_0.95.jpg,__Unknown__
data\input_images\image_1\crop_0074_conf_0.95.jpg,__Unknown__
data\input_images\image_1\crop_0075_conf_0.95.jpg,__Unknown__
data\input_images\image_1\crop_0076_conf_0.95.jpg,__Unknown__
data\input_images\image_1\crop_0077_conf_0.95.jpg,__Unknown__
data\input_images\image_1\crop_0078_conf_0.94.jpg,__Unknown__
data\input_images\image_1\crop_0079_conf_0.94.jpg,__Unknown__
data\input_images\image_1\crop_0080_conf_0.93.jpg,Mabel__Mabel Rosquinha Mabel Sabor Coco
data\input_images\image_1\crop_0081_conf_0.92.jpg,__Unknown__
data\input_images\image_1\crop_0082_conf_0.92.jpg,__Unknown__
data\input_images\image_1\crop_0083_conf_0.90.jpg,__Unknown__
data\input_images\image_1\crop_0084_conf_0.90.jpg,__Unknown__
data\input_images\image_1\crop_0085_conf_0.88.jpg,__Unknown__
data\input_images\image_1\crop_0086_conf_0.85.jpg,__Unknown__
data\input_images\image_1\crop_0087_conf_0.84.jpg,__Unknown__
data\input_images\image_1\crop_0088_conf_0.75.jpg,__Unknown__
data\input_images\image_1\crop_0089_conf_0.60.jpg,__Unknown__
data\input_images\image_1\crop_0090_conf_0.52.jpg,__Unknown__
data\input_images\image_1\crop_0091_conf_0.33.jpg,__Unknown__
